1,Adjustable Race,No color
2,Bearing Ball,No color
3,BB Ball Bearing,No color
4,Headset Ball Bearings,No color
316,Blade,No color
317,LL Crankarm,Black
318,ML Crankarm,Black
319,HL Crankarm,Black
320,Chainring Bolts,Silver
321,Chainring Nut,Silver
322,Chainring,Black
323,Crown Race,No color
324,Chain Stays,No color
325,Decal 1,No color
326,Decal 2,No color
327,Down Tube,No color
328,Mountain End Caps,No color
329,Road End Caps,No color
330,Touring End Caps,No color
331,Fork End,No color
332,Freewheel,Silver
341,Flat Washer 1,No color
342,Flat Washer 6,No color
343,Flat Washer 2,No color
344,Flat Washer 9,No color
345,Flat Washer 4,No color
346,Flat Washer 3,No color
347,Flat Washer 8,No color
348,Flat Washer 5,No color
349,Flat Washer 7,No color
350,Fork Crown,No color
351,Front Derailleur Cage,Silver
352,Front Derailleur Linkage,Silver
355,Guide Pulley,No color
356,LL Grip Tape,No color
357,ML Grip Tape,No color
358,HL Grip Tape,No color
359,Thin-Jam Hex Nut 9,No color
360,Thin-Jam Hex Nut 10,No color
361,Thin-Jam Hex Nut 1,No color
362,Thin-Jam Hex Nut 2,No color
363,Thin-Jam Hex Nut 15,No color
364,Thin-Jam Hex Nut 16,No color
365,Thin-Jam Hex Nut 5,No color
366,Thin-Jam Hex Nut 6,No color
367,Thin-Jam Hex Nut 3,No color
368,Thin-Jam Hex Nut 4,No color
369,Thin-Jam Hex Nut 13,No color
370,Thin-Jam Hex Nut 14,No color
371,Thin-Jam Hex Nut 7,No color
372,Thin-Jam Hex Nut 8,No color
373,Thin-Jam Hex Nut 12,No color
374,Thin-Jam Hex Nut 11,No color
375,Hex Nut 5,No color
376,Hex Nut 6,No color
377,Hex Nut 16,No color
378,Hex Nut 17,No color
379,Hex Nut 7,No color
380,Hex Nut 8,No color
381,Hex Nut 9,No color
382,Hex Nut 22,No color
383,Hex Nut 23,No color
384,Hex Nut 12,No color
385,Hex Nut 13,No color
386,Hex Nut 1,No color
387,Hex Nut 10,No color
388,Hex Nut 11,No color
389,Hex Nut 2,No color
390,Hex Nut 20,No color
391,Hex Nut 21,No color
392,Hex Nut 3,No color
393,Hex Nut 14,No color
394,Hex Nut 15,No color
395,Hex Nut 4,No color
396,Hex Nut 18,No color
397,Hex Nut 19,No color
398,Handlebar Tube,No color
399,Head Tube,No color
400,LL Hub,No color
401,HL Hub,No color
402,Keyed Washer,No color
403,External Lock Washer 3,No color
404,External Lock Washer 4,No color
405,External Lock Washer 9,No color
406,External Lock Washer 5,No color
407,External Lock Washer 7,No color
408,External Lock Washer 6,No color
409,External Lock Washer 1,No color
410,External Lock Washer 8,No color
411,External Lock Washer 2,No color
412,Internal Lock Washer 3,No color
413,Internal Lock Washer 4,No color
414,Internal Lock Washer 9,No color
415,Internal Lock Washer 5,No color
416,Internal Lock Washer 7,No color
417,Internal Lock Washer 6,No color
418,Internal Lock Washer 10,No color
419,Internal Lock Washer 1,No color
420,Internal Lock Washer 8,No color
421,Internal Lock Washer 2,No color
422,Thin-Jam Lock Nut 9,No color
423,Thin-Jam Lock Nut 10,No color
424,Thin-Jam Lock Nut 1,No color
425,Thin-Jam Lock Nut 2,No color
426,Thin-Jam Lock Nut 15,No color
427,Thin-Jam Lock Nut 16,No color
428,Thin-Jam Lock Nut 5,No color
429,Thin-Jam Lock Nut 6,No color
430,Thin-Jam Lock Nut 3,No color
431,Thin-Jam Lock Nut 4,No color
432,Thin-Jam Lock Nut 13,No color
433,Thin-Jam Lock Nut 14,No color
434,Thin-Jam Lock Nut 7,No color
435,Thin-Jam Lock Nut 8,No color
436,Thin-Jam Lock Nut 12,No color
437,Thin-Jam Lock Nut 11,No color
438,Lock Nut 5,No color
439,Lock Nut 6,No color
440,Lock Nut 16,No color
441,Lock Nut 17,No color
442,Lock Nut 7,No color
443,Lock Nut 8,No color
444,Lock Nut 9,No color
445,Lock Nut 22,No color
446,Lock Nut 23,No color
447,Lock Nut 12,No color
448,Lock Nut 13,No color
449,Lock Nut 1,No color
450,Lock Nut 10,No color
451,Lock Nut 11,No color
452,Lock Nut 2,No color
453,Lock Nut 20,No color
454,Lock Nut 21,No color
455,Lock Nut 3,No color
456,Lock Nut 14,No color
457,Lock Nut 15,No color
458,Lock Nut 4,No color
459,Lock Nut 19,No color
460,Lock Nut 18,No color
461,Lock Ring,Silver
462,Lower Head Race,No color
463,Lock Washer 4,No color
464,Lock Washer 5,No color
465,Lock Washer 10,No color
466,Lock Washer 6,No color
467,Lock Washer 13,No color
468,Lock Washer 8,No color
469,Lock Washer 1,No color
470,Lock Washer 7,No color
471,Lock Washer 12,No color
472,Lock Washer 2,No color
473,Lock Washer 9,No color
474,Lock Washer 3,No color
475,Lock Washer 11,No color
476,Metal Angle,No color
477,Metal Bar 1,No color
478,Metal Bar 2,No color
479,Metal Plate 2,No color
480,Metal Plate 1,No color
481,Metal Plate 3,No color
482,Metal Sheet 2,No color
483,Metal Sheet 3,No color
484,Metal Sheet 7,No color
485,Metal Sheet 4,No color
486,Metal Sheet 5,No color
487,Metal Sheet 6,No color
488,Metal Sheet 1,No color
489,Metal Tread Plate,No color
490,LL Nipple,No color
491,HL Nipple,No color
492,Paint - Black,No color
493,Paint - Red,No color
494,Paint - Silver,No color
495,Paint - Blue,No color
496,Paint - Yellow,No color
497,Pinch Bolt,No color
504,Cup-Shaped Race,No color
505,Cone-Shaped Race,No color
506,Reflector,No color
507,LL Mountain Rim,No color
508,ML Mountain Rim,No color
509,HL Mountain Rim,No color
510,LL Road Rim,No color
511,ML Road Rim,No color
512,HL Road Rim,No color
513,Touring Rim,No color
514,LL Mountain Seat Assembly,No color
515,ML Mountain Seat Assembly,No color
516,HL Mountain Seat Assembly,No color
517,LL Road Seat Assembly,No color
518,ML Road Seat Assembly,No color
519,HL Road Seat Assembly,No color
520,LL Touring Seat Assembly,No color
521,ML Touring Seat Assembly,No color
522,HL Touring Seat Assembly,No color
523,LL Spindle/Axle,No color
524,HL Spindle/Axle,No color
525,LL Shell,No color
526,HL Shell,No color
527,Spokes,No color
528,Seat Lug,No color
529,Stem,No color
530,Seat Post,No color
531,Steerer,No color
532,Seat Stays,No color
533,Seat Tube,No color
534,Top Tube,No color
535,Tension Pulley,No color
679,Rear Derailleur Cage,Silver
680,HL Road Frame - Black, 58,Black
706,HL Road Frame - Red, 58,Red
707,Sport-100 Helmet, Red,Red
708,Sport-100 Helmet, Black,Black
709,Mountain Bike Socks, M,White
710,Mountain Bike Socks, L,White
711,Sport-100 Helmet, Blue,Blue
712,AWC Logo Cap,Multi
713,Long-Sleeve Logo Jersey, S,Multi
714,Long-Sleeve Logo Jersey, M,Multi
715,Long-Sleeve Logo Jersey, L,Multi
716,Long-Sleeve Logo Jersey, XL,Multi
717,HL Road Frame - Red, 62,Red
718,HL Road Frame - Red, 44,Red
719,HL Road Frame - Red, 48,Red
720,HL Road Frame - Red, 52,Red
721,HL Road Frame - Red, 56,Red
722,LL Road Frame - Black, 58,Black
723,LL Road Frame - Black, 60,Black
724,LL Road Frame - Black, 62,Black
725,LL Road Frame - Red, 44,Red
726,LL Road Frame - Red, 48,Red
727,LL Road Frame - Red, 52,Red
728,LL Road Frame - Red, 58,Red
729,LL Road Frame - Red, 60,Red
730,LL Road Frame - Red, 62,Red
731,ML Road Frame - Red, 44,Red
732,ML Road Frame - Red, 48,Red
733,ML Road Frame - Red, 52,Red
734,ML Road Frame - Red, 58,Red
735,ML Road Frame - Red, 60,Red
736,LL Road Frame - Black, 44,Black
737,LL Road Frame - Black, 48,Black
738,LL Road Frame - Black, 52,Black
739,HL Mountain Frame - Silver, 42,Silver
740,HL Mountain Frame - Silver, 44,Silver
741,HL Mountain Frame - Silver, 48,Silver
742,HL Mountain Frame - Silver, 46,Silver
743,HL Mountain Frame - Black, 42,Black
744,HL Mountain Frame - Black, 44,Black
745,HL Mountain Frame - Black, 48,Black
746,HL Mountain Frame - Black, 46,Black
747,HL Mountain Frame - Black, 38,Black
748,HL Mountain Frame - Silver, 38,Silver
749,Road-150 Red, 62,Red
750,Road-150 Red, 44,Red
751,Road-150 Red, 48,Red
752,Road-150 Red, 52,Red
753,Road-150 Red, 56,Red
754,Road-450 Red, 58,Red
755,Road-450 Red, 60,Red
756,Road-450 Red, 44,Red
757,Road-450 Red, 48,Red
758,Road-450 Red, 52,Red
759,Road-650 Red, 58,Red
760,Road-650 Red, 60,Red
761,Road-650 Red, 62,Red
762,Road-650 Red, 44,Red
763,Road-650 Red, 48,Red
764,Road-650 Red, 52,Red
765,Road-650 Black, 58,Black
766,Road-650 Black, 60,Black
767,Road-650 Black, 62,Black
768,Road-650 Black, 44,Black
769,Road-650 Black, 48,Black
770,Road-650 Black, 52,Black
771,Mountain-100 Silver, 38,Silver
772,Mountain-100 Silver, 42,Silver
773,Mountain-100 Silver, 44,Silver
774,Mountain-100 Silver, 48,Silver
775,Mountain-100 Black, 38,Black
776,Mountain-100 Black, 42,Black
777,Mountain-100 Black, 44,Black
778,Mountain-100 Black, 48,Black
779,Mountain-200 Silver, 38,Silver
780,Mountain-200 Silver, 42,Silver
781,Mountain-200 Silver, 46,Silver
782,Mountain-200 Black, 38,Black
783,Mountain-200 Black, 42,Black
784,Mountain-200 Black, 46,Black
785,Mountain-300 Black, 38,Black
786,Mountain-300 Black, 40,Black
787,Mountain-300 Black, 44,Black
788,Mountain-300 Black, 48,Black
789,Road-250 Red, 44,Red
790,Road-250 Red, 48,Red
791,Road-250 Red, 52,Red
792,Road-250 Red, 58,Red
793,Road-250 Black, 44,Black
794,Road-250 Black, 48,Black
795,Road-250 Black, 52,Black
796,Road-250 Black, 58,Black
797,Road-550-W Yellow, 38,Yellow
798,Road-550-W Yellow, 40,Yellow
799,Road-550-W Yellow, 42,Yellow
800,Road-550-W Yellow, 44,Yellow
801,Road-550-W Yellow, 48,Yellow
802,LL Fork,No color
803,ML Fork,No color
804,HL Fork,No color
805,LL Headset,No color
806,ML Headset,No color
807,HL Headset,No color
808,LL Mountain Handlebars,No color
809,ML Mountain Handlebars,No color
810,HL Mountain Handlebars,No color
811,LL Road Handlebars,No color
812,ML Road Handlebars,No color
813,HL Road Handlebars,No color
814,ML Mountain Frame - Black, 38,Black
815,LL Mountain Front Wheel,Black
816,ML Mountain Front Wheel,Black
817,HL Mountain Front Wheel,Black
818,LL Road Front Wheel,Black
819,ML Road Front Wheel,Black
820,HL Road Front Wheel,Black
821,Touring Front Wheel,Black
822,ML Road Frame-W - Yellow, 38,Yellow
823,LL Mountain Rear Wheel,Black
824,ML Mountain Rear Wheel,Black
825,HL Mountain Rear Wheel,Black
826,LL Road Rear Wheel,Black
827,ML Road Rear Wheel,Black
828,HL Road Rear Wheel,Black
829,Touring Rear Wheel,Black
830,ML Mountain Frame - Black, 40,Black
831,ML Mountain Frame - Black, 44,Black
832,ML Mountain Frame - Black, 48,Black
833,ML Road Frame-W - Yellow, 40,Yellow
834,ML Road Frame-W - Yellow, 42,Yellow
835,ML Road Frame-W - Yellow, 44,Yellow
836,ML Road Frame-W - Yellow, 48,Yellow
837,HL Road Frame - Black, 62,Black
838,HL Road Frame - Black, 44,Black
839,HL Road Frame - Black, 48,Black
840,HL Road Frame - Black, 52,Black
841,Men's Sports Shorts, S,Black
842,Touring-Panniers, Large,Grey
843,Cable Lock,No color
844,Minipump,No color
845,Mountain Pump,No color
846,Taillights - Battery-Powered,No color
847,Headlights - Dual-Beam,No color
848,Headlights - Weatherproof,No color
849,Men's Sports Shorts, M,Black
850,Men's Sports Shorts, L,Black
851,Men's Sports Shorts, XL,Black
852,Women's Tights, S,Black
853,Women's Tights, M,Black
854,Women's Tights, L,Black
855,Men's Bib-Shorts, S,Multi
856,Men's Bib-Shorts, M,Multi
857,Men's Bib-Shorts, L,Multi
858,Half-Finger Gloves, S,Black
859,Half-Finger Gloves, M,Black
860,Half-Finger Gloves, L,Black
861,Full-Finger Gloves, S,Black
862,Full-Finger Gloves, M,Black
863,Full-Finger Gloves, L,Black
864,Classic Vest, S,Blue
865,Classic Vest, M,Blue
866,Classic Vest, L,Blue
867,Women's Mountain Shorts, S,Black
868,Women's Mountain Shorts, M,Black
869,Women's Mountain Shorts, L,Black
870,Water Bottle - 30 oz.,No color
871,Mountain Bottle Cage,No color
872,Road Bottle Cage,No color
873,Patch Kit/8 Patches,No color
874,Racing Socks, M,White
875,Racing Socks, L,White
876,Hitch Rack - 4-Bike,No color
877,Bike Wash - Dissolver,No color
878,Fender Set - Mountain,No color
879,All-Purpose Bike Stand,No color
880,Hydration Pack - 70 oz.,Silver
881,Short-Sleeve Classic Jersey, S,Yellow
882,Short-Sleeve Classic Jersey, M,Yellow
883,Short-Sleeve Classic Jersey, L,Yellow
884,Short-Sleeve Classic Jersey, XL,Yellow
885,HL Touring Frame - Yellow, 60,Yellow
886,LL Touring Frame - Yellow, 62,Yellow
887,HL Touring Frame - Yellow, 46,Yellow
888,HL Touring Frame - Yellow, 50,Yellow
889,HL Touring Frame - Yellow, 54,Yellow
890,HL Touring Frame - Blue, 46,Blue
891,HL Touring Frame - Blue, 50,Blue
892,HL Touring Frame - Blue, 54,Blue
893,HL Touring Frame - Blue, 60,Blue
894,Rear Derailleur,Silver
895,LL Touring Frame - Blue, 50,Blue
896,LL Touring Frame - Blue, 54,Blue
897,LL Touring Frame - Blue, 58,Blue
898,LL Touring Frame - Blue, 62,Blue
899,LL Touring Frame - Yellow, 44,Yellow
900,LL Touring Frame - Yellow, 50,Yellow
901,LL Touring Frame - Yellow, 54,Yellow
902,LL Touring Frame - Yellow, 58,Yellow
903,LL Touring Frame - Blue, 44,Blue
904,ML Mountain Frame-W - Silver, 40,Silver
905,ML Mountain Frame-W - Silver, 42,Silver
906,ML Mountain Frame-W - Silver, 46,Silver
907,Rear Brakes,Silver
908,LL Mountain Seat/Saddle,No color
909,ML Mountain Seat/Saddle,No color
910,HL Mountain Seat/Saddle,No color
911,LL Road Seat/Saddle,No color
912,ML Road Seat/Saddle,No color
913,HL Road Seat/Saddle,No color
914,LL Touring Seat/Saddle,No color
915,ML Touring Seat/Saddle,No color
916,HL Touring Seat/Saddle,No color
917,LL Mountain Frame - Silver, 42,Silver
918,LL Mountain Frame - Silver, 44,Silver
919,LL Mountain Frame - Silver, 48,Silver
920,LL Mountain Frame - Silver, 52,Silver
921,Mountain Tire Tube,No color
922,Road Tire Tube,No color
923,Touring Tire Tube,No color
924,LL Mountain Frame - Black, 42,Black
925,LL Mountain Frame - Black, 44,Black
926,LL Mountain Frame - Black, 48,Black
927,LL Mountain Frame - Black, 52,Black
928,LL Mountain Tire,No color
929,ML Mountain Tire,No color
930,HL Mountain Tire,No color
931,LL Road Tire,No color
932,ML Road Tire,No color
933,HL Road Tire,No color
934,Touring Tire,No color
935,LL Mountain Pedal,Silver/Black
936,ML Mountain Pedal,Silver/Black
937,HL Mountain Pedal,Silver/Black
938,LL Road Pedal,Silver/Black
939,ML Road Pedal,Silver/Black
940,HL Road Pedal,Silver/Black
941,Touring Pedal,Silver/Black
942,ML Mountain Frame-W - Silver, 38,Silver
943,LL Mountain Frame - Black, 40,Black
944,LL Mountain Frame - Silver, 40,Silver
945,Front Derailleur,Silver
946,LL Touring Handlebars,No color
947,HL Touring Handlebars,No color
948,Front Brakes,Silver
949,LL Crankset,Black
950,ML Crankset,Black
951,HL Crankset,Black
952,Chain,Silver
953,Touring-2000 Blue, 60,Blue
954,Touring-1000 Yellow, 46,Yellow
955,Touring-1000 Yellow, 50,Yellow
956,Touring-1000 Yellow, 54,Yellow
957,Touring-1000 Yellow, 60,Yellow
958,Touring-3000 Blue, 54,Blue
959,Touring-3000 Blue, 58,Blue
960,Touring-3000 Blue, 62,Blue
961,Touring-3000 Yellow, 44,Yellow
962,Touring-3000 Yellow, 50,Yellow
963,Touring-3000 Yellow, 54,Yellow
964,Touring-3000 Yellow, 58,Yellow
965,Touring-3000 Yellow, 62,Yellow
966,Touring-1000 Blue, 46,Blue
967,Touring-1000 Blue, 50,Blue
968,Touring-1000 Blue, 54,Blue
969,Touring-1000 Blue, 60,Blue
970,Touring-2000 Blue, 46,Blue
971,Touring-2000 Blue, 50,Blue
972,Touring-2000 Blue, 54,Blue
973,Road-350-W Yellow, 40,Yellow
974,Road-350-W Yellow, 42,Yellow
975,Road-350-W Yellow, 44,Yellow
976,Road-350-W Yellow, 48,Yellow
977,Road-750 Black, 58,Black
978,Touring-3000 Blue, 44,Blue
979,Touring-3000 Blue, 50,Blue
980,Mountain-400-W Silver, 38,Silver
981,Mountain-400-W Silver, 40,Silver
982,Mountain-400-W Silver, 42,Silver
983,Mountain-400-W Silver, 46,Silver
984,Mountain-500 Silver, 40,Silver
985,Mountain-500 Silver, 42,Silver
986,Mountain-500 Silver, 44,Silver
987,Mountain-500 Silver, 48,Silver
988,Mountain-500 Silver, 52,Silver
989,Mountain-500 Black, 40,Black
990,Mountain-500 Black, 42,Black
991,Mountain-500 Black, 44,Black
992,Mountain-500 Black, 48,Black
993,Mountain-500 Black, 52,Black
994,LL Bottom Bracket,No color
995,ML Bottom Bracket,No color
996,HL Bottom Bracket,No color
997,Road-750 Black, 44,Black
998,Road-750 Black, 48,Black
999,Road-750 Black, 52,Black
